<?xml version="1.0" encoding="UTF-8"?>
<!DOCTYPE hibernate-configuration PUBLIC "-//Hibernate/Hibernate Configuration DTD 3.0//EN" "http://hibernate.sourceforge.net/hibernate-configuration-3.0.dtd" >

<hibernate-configuration>
  <session-factory>
   <!--  
    <property name="connection.driver_class">com.mysql.jdbc.Driver</property>
    <property name="connection.url">jdbc:mysql://localhost:3306/mydb5</property>
    <property name="connection.username">root</property>
    <property name="connection.password">root</property>
    <property name="dialect">org.hibernate.dialect.MySQLDialect</property>  
    --> 
    
    <property name="hibernate.connection.driver_class">oracle.jdbc.driver.OracleDriver</property>
        <property name="hibernate.connection.url">jdbc:oracle:thin:@localhost:1521:XE</property>
        <property name="hibernate.connection.username">scott</property>
        <property name="hibernate.connection.password">tiger</property>
        <property name="dialect">org.hibernate.dialect.OracleDialect</property> 
	 			
	     
    
    
  
  <!-- database tables are automatically created. --> 
  		<property name="hbm2ddl.auto">update</property>		
		
		<!-- Print all generated SQL statements to the console -->
		<!--  
		<property name="hibernate.show_sql">true</property>
		<property name="hibernate.format_sql">true</property>
		<property name="hibernate.use_sql_comments">true</property>
		
		--> 

        
  
	  <mapping class="com.capg.assessment.bean.BankBean"/>
	  
	  </session-factory>
	</hibernate-configuration>
